{"name":"acca77a8-2395-48d3-bca5-939cc212b87e","id":"/providers/Microsoft.Flow/flows/acca77a8-2395-48d3-bca5-939cc212b87e","type":"Microsoft.Flow/flows","properties":{"apiId":"/providers/Microsoft.PowerApps/apis/shared_logicflows","displayName":"Auto-Save Email Attachments","definition":{"metadata":{"workflowEntityId":null,"processAdvisorMetadata":null,"flowChargedByPaygo":null,"flowclientsuspensionreason":"None","flowclientsuspensiontime":null,"flowclientsuspensionreasondetails":null,"creator":{"id":"5f9a690e-f918-4ff5-812d-a0b8201f6b86","type":"User","tenantId":"d181b309-3740-424c-933d-076a442de502"},"provisioningMethod":"FromDefinition","failureAlertSubscription":true,"clientLastModifiedTime":"2025-02-23T20:46:16.7359124Z","connectionKeySavedTimeKey":"2025-02-23T20:46:16.7359124Z"},"$schema":"https://schema.management.azure.com/providers/Microsoft.Logic/schemas/2016-06-01/workflowdefinition.json#","contentVersion":"1.0.0.0","parameters":{"$authentication":{"defaultValue":{},"type":"SecureObject"},"$connections":{"defaultValue":{},"type":"Object"}},"triggers":{"When_a_new_email_arrives_(V3)":{"splitOn":"@triggerOutputs()?['body/value']","metadata":{"operationMetadataId":"3311cf68-3238-4dcc-b631-142331dffc9e"},"type":"OpenApiConnectionNotification","inputs":{"parameters":{"includeAttachments":true,"importance":"Any","fetchOnlyWithAttachment":false,"folderPath":"Inbox"},"host":{"apiId":"/providers/Microsoft.PowerApps/apis/shared_office365","connectionName":"shared_office365","operationId":"OnNewEmailV3"},"authentication":"@parameters('$authentication')"}}},"actions":{"Condition":{"actions":{"Apply_to_each":{"foreach":"@triggerOutputs()?['body/attachments']","actions":{"Create_file":{"metadata":{"operationMetadataId":"da408540-a0d0-4808-98c3-d5f7b6222441"},"type":"OpenApiConnection","inputs":{"parameters":{"folderPath":"/Saved Attachments","name":"@items('Apply_to_each')?['name']","body":"@items('Apply_to_each')?['contentBytes']"},"host":{"apiId":"/providers/Microsoft.PowerApps/apis/shared_onedriveforbusiness","connectionName":"shared_onedriveforbusiness","operationId":"CreateFile"},"authentication":"@parameters('$authentication')"},"runtimeConfiguration":{"contentTransfer":{"transferMode":"Chunked"}}}},"metadata":{"operationMetadataId":"ffc8f9af-aea0-4c9b-832a-46ca0d90367f"},"type":"Foreach"}},"runAfter":{},"else":{"actions":{}},"expression":{"equals":["@triggerOutputs()?['body/hasAttachments']",true]},"metadata":{"operationMetadataId":"f2339ea3-fb72-4da4-90e2-a7c615883c88"},"type":"If"}}},"connectionReferences":{"shared_office365":{"connectionName":"shared-office365-f1d6008f-4bc5-4c36-b1aa-d47c8c683d26","source":"Embedded","id":"/providers/Microsoft.PowerApps/apis/shared_office365","tier":"NotSpecified","apiName":"office365"},"shared_onedriveforbusiness":{"connectionName":"af7470a019e7496bbe21a98894789046","source":"Embedded","id":"/providers/Microsoft.PowerApps/apis/shared_onedriveforbusiness","tier":"NotSpecified","apiName":"onedriveforbusiness"}},"flowFailureAlertSubscribed":false,"isManaged":false}}