{"name":"63912033-9414-47f3-ba3c-8c6df5b06a3d","id":"/providers/Microsoft.Flow/flows/63912033-9414-47f3-ba3c-8c6df5b06a3d","type":"Microsoft.Flow/flows","properties":{"apiId":"/providers/Microsoft.PowerApps/apis/shared_logicflows","displayName":"Break Excess Automation","definition":{"metadata":{"workflowEntityId":null,"processAdvisorMetadata":null,"flowChargedByPaygo":null,"flowclientsuspensionreason":"None","flowclientsuspensiontime":null,"flowclientsuspensionreasondetails":null,"creator":{"id":"5f9a690e-f918-4ff5-812d-a0b8201f6b86","type":"User","tenantId":"d181b309-3740-424c-933d-076a442de502"},"provisioningMethod":"FromDefinition","failureAlertSubscription":true,"clientLastModifiedTime":"2025-02-23T20:42:17.7711773Z","connectionKeySavedTimeKey":"2025-02-23T20:42:17.7711773Z"},"$schema":"https://schema.management.azure.com/providers/Microsoft.Logic/schemas/2016-06-01/workflowdefinition.json#","contentVersion":"1.0.0.0","parameters":{"$connections":{"defaultValue":{},"type":"Object"},"$authentication":{"defaultValue":{},"type":"SecureObject"}},"triggers":{"When_an_item_is_created_or_modified":{"recurrence":{"interval":5,"frequency":"Minute"},"splitOn":"@triggerOutputs()?['body/value']","metadata":{"operationMetadataId":"7d48c6de-ca32-4144-bf60-13ecf82ef092"},"type":"OpenApiConnection","inputs":{"host":{"apiId":"/providers/Microsoft.PowerApps/apis/shared_sharepointonline","connectionName":"shared_sharepointonline","operationId":"GetOnUpdatedItems"},"parameters":{"dataset":"https://hunterwar.sharepoint.com/sites/SharedServices/ssqc","table":"f3da19a1-0649-4a46-89c8-ec8976a03804"},"authentication":"@parameters('$authentication')"}}},"actions":{"Condition":{"actions":{"Send_an_email_(V2)":{"runAfter":{},"metadata":{"operationMetadataId":"9053fd00-1e8e-4c37-b7b8-4f51ccf98837"},"type":"OpenApiConnection","inputs":{"host":{"apiId":"/providers/Microsoft.PowerApps/apis/shared_office365","connectionName":"shared_office365","operationId":"SendEmailV2"},"parameters":{"emailMessage/To":"@triggerOutputs()?['body/Agent_x003a__x0020_Email_x0020_A/Value']","emailMessage/Subject":"Break Excess","emailMessage/Body":"<p>Dear @{triggerOutputs()?['body/Agent/Value']},<br>\n<br>\nWe noticed that your recorded breaks on @{triggerOutputs()?['body/Date']} exceeded the allowed time of 30 minutes.<br>\n<br>\n📌 Breaks Duration: @{formatNumber(mul(float(triggerOutputs()?['body/TotalBreakDuration']), 60), '0')} minutes<br>\n📌 Maximum Allowed: 30 minutes<br>\n<br>\nPlease ensure that your break durations comply with company policies. If you encountered an issue that caused this delay, kindly reply to this email to let us know.<br>\n<br>\nIf you have any questions, feel free to reach out.<br>\n<br>\nBest regards,</p>","emailMessage/From":"mochinchilla@hunterwarfield.com","emailMessage/Importance":"Normal"},"authentication":"@parameters('$authentication')"}}},"runAfter":{},"expression":{"greater":["@float(triggerOutputs()?['body/TotalBreakDuration'])",0.5]},"metadata":{"operationMetadataId":"cc3793ad-23b2-4e72-9b3c-c891e4ac5f6d"},"type":"If"}}},"connectionReferences":{"shared_office365":{"connectionName":"shared-office365-f1d6008f-4bc5-4c36-b1aa-d47c8c683d26","source":"Embedded","id":"/providers/Microsoft.PowerApps/apis/shared_office365","tier":"NotSpecified","apiName":"office365"},"shared_sharepointonline":{"connectionName":"d97afb9718214b70a5baceb0ef36afe2","source":"Embedded","id":"/providers/Microsoft.PowerApps/apis/shared_sharepointonline","tier":"NotSpecified","apiName":"sharepointonline"}},"flowFailureAlertSubscribed":false,"isManaged":false}}