{"schemaVersion":"1.0","appDefinitionTemplate":{"id":"/providers/Microsoft.PowerApps/apps/","type":"Microsoft.PowerApps/apps","tags":{"primaryDeviceWidth":"1366","primaryDeviceHeight":"768","supportsPortrait":"true","supportsLandscape":"true","primaryFormFactor":"Tablet","showStatusBar":"false","publisherVersion":"3.25014.16","minimumRequiredApiVersion":"2.2.0","hasComponent":"false","hasUnlockedComponent":"false","isUnifiedRootApp":"false","sienaVersion":"20250218T130015Z-3.25014.16.0"},"properties":{"appVersion":"2025-02-18T13:00:15Z","lifeCycleId":"Published","createdByClientVersion":{"major":3,"minor":25014,"build":16,"revision":0,"majorRevision":0,"minorRevision":0},"minClientVersion":{"major":3,"minor":25014,"build":16,"revision":0,"majorRevision":0,"minorRevision":0},"backgroundColor":"rgba(255, 255, 255, 1)","backgroundImageUri":"/17558517229989870094/N1c51efab-65c5-406e-bff5-2e8a5160083c-logoSmallFile","displayName":"Employee Time Log","description":"","commitMessage":"","appUris":{"documentUri":{"value":"/17558517229989870094/N8f2911f3-b83a-4981-961d-54d7d3e7aa0c-document.msapp"},"imageUris":[],"additionalUris":[{"isSolutionAware":false,"value":"/17558517229989870094/Nd5e43c34-fe24-447a-a80d-381db50506f0-identity.json"}]},"createdTime":"0001-01-01T00:00:00Z","lastModifiedTime":"0001-01-01T00:00:00Z","sharedGroupsCount":0,"sharedUsersCount":0,"connectionReferences":{"7956921f-f221-403d-92bc-20969d46a1c5":{"id":"b22c5b90-365d-49a3-bb99-26960993a4e2","displayName":"SharePoint","iconUri":"https://conn-afd-prod-endpoint-bmc9bqahasf3grgk.b01.azurefd.net/releases/v1.0.1723/1.0.1723.3986/sharepointonline/icon.png","dataSources":["Employee Time Tracking","Breaks Log","Meetings Log","FINAL ROSTER Accuracy","OT Log","System Issues Log","Other Log"],"dependencies":[],"dependents":[],"parameterHints":{},"parameterHintsV2":{},"isOnPremiseConnection":false,"bypassConsent":false,"dataSets":{"https://hunterwar.sharepoint.com/sites/SharedServices/ssqc":{"dataSources":{"Employee Time Tracking":{"tableName":"453cef76-4337-469d-9bc5-d86218c689ea"},"Breaks Log":{"tableName":"f3da19a1-0649-4a46-89c8-ec8976a03804"},"Meetings Log":{"tableName":"a3072beb-9804-452c-857e-46c971c3278a"},"FINAL ROSTER Accuracy":{"tableName":"6ef68c53-0587-45be-80a6-a071ae1d2e0c"},"OT Log":{"tableName":"f6da9960-3b6a-471b-b10e-ae7f37092f03"},"System Issues Log":{"tableName":"79168f55-94e6-4ef1-ba34-3a4c5a0093f0"},"Other Log":{"tableName":"67878e5b-dcc4-4e79-99cd-b38724dfd021"}}}},"apiTier":"Standard","isCustomApiConnection":false,"actions":["providers/PowerPlatform.Governance/Operations/Read","providers/PowerPlatform.Governance/Operations/Write"]},"f2698eb1-02b3-4bca-81d3-2e5349e3855d":{"id":"6379eea2-fd49-4fad-af05-af6c7becbc34","displayName":"Office 365 Outlook","iconUri":"https://conn-afd-prod-endpoint-bmc9bqahasf3grgk.b01.azurefd.net/releases/v1.0.1722/1.0.1722.3975/office365/icon.png","dataSources":["Office365Outlook"],"dependencies":[],"dependents":[],"parameterHints":{},"parameterHintsV2":{},"isOnPremiseConnection":false,"bypassConsent":false,"dataSets":{},"apiTier":"Standard","isCustomApiConnection":false}},"databaseReferences":{},"almMode":"Environment","performanceOptimizationEnabled":false,"canConsumeAppPass":false,"enableModernRuntimeMode":false,"executionRestrictions":{"isTeamsOnly":false,"dataLossPreventionEvaluationResult":{"status":"Compliant","lastEvaluationDate":"2025-01-30T18:27:23.1528397Z","violations":[],"violationsByPolicy":[],"violationErrorMessage":"The app uses the following connectors: shared_sharepointonline, shared_office365."}}},"isAppComponentLibrary":false,"appType":"ClassicCanvasApp","appComponents":[]}}