{"schemaVersion":"1.0","appDefinitionTemplate":{"id":"/providers/Microsoft.PowerApps/apps/","type":"Microsoft.PowerApps/apps","tags":{"primaryDeviceWidth":"1366","primaryDeviceHeight":"768","supportsPortrait":"true","supportsLandscape":"true","primaryFormFactor":"Tablet","showStatusBar":"false","publisherVersion":"3.25013.15","minimumRequiredApiVersion":"2.2.0","hasComponent":"false","hasUnlockedComponent":"false","isUnifiedRootApp":"false","sienaVersion":"20250207T161517Z-3.25013.15.0"},"properties":{"appVersion":"2025-02-07T16:15:17Z","lifeCycleId":"Published","createdByClientVersion":{"major":3,"minor":25013,"build":15,"revision":0,"majorRevision":0,"minorRevision":0},"minClientVersion":{"major":3,"minor":25013,"build":15,"revision":0,"majorRevision":0,"minorRevision":0},"backgroundColor":"rgba(199, 199, 199, 1)","backgroundImageUri":"/2949262730322950764/N9f84cba2-647a-423b-a271-710cc8dd8d88-logoSmallFile","displayName":"QC Accuracy Evaluations Form","description":"","commitMessage":"","appUris":{"documentUri":{"value":"/2949262730322950764/Nf49a6452-37ae-4244-98c4-042564cbe49b-document.msapp"},"imageUris":[],"additionalUris":[{"isSolutionAware":false,"value":"/2949262730322950764/Nf665c834-f3a8-42cd-88a7-93b5a1d4d04c-identity.json"}]},"createdTime":"0001-01-01T00:00:00Z","lastModifiedTime":"0001-01-01T00:00:00Z","sharedGroupsCount":0,"sharedUsersCount":0,"connectionReferences":{"a4fdf292-4018-46f5-8a2b-2e58d50bbef3":{"id":"b22c5b90-365d-49a3-bb99-26960993a4e2","displayName":"SharePoint","iconUri":"https://conn-afd-prod-endpoint-bmc9bqahasf3grgk.b01.azurefd.net/releases/v1.0.1723/1.0.1723.3986/sharepointonline/icon.png","dataSources":["QC Accuracy ImageQC","QC Accuracy UDPQC","QC Accuracy VODQC"],"dependencies":[],"dependents":[],"parameterHints":{},"parameterHintsV2":{},"isOnPremiseConnection":false,"bypassConsent":false,"dataSets":{"https://hunterwar.sharepoint.com/sites/SharedServices/ssqc":{"dataSources":{"QC Accuracy ImageQC":{"tableName":"fe844171-d46a-4bd5-a0d9-95fd3c2ab2db"},"QC Accuracy UDPQC":{"tableName":"bfb0e207-818c-471b-b20a-b14257f78f6e"},"QC Accuracy VODQC":{"tableName":"0e4b1bdb-edeb-488d-93ce-c9f438bda6fc"}}}},"apiTier":"Standard","isCustomApiConnection":false,"actions":["providers/PowerPlatform.Governance/Operations/Read","providers/PowerPlatform.Governance/Operations/Write"]}},"databaseReferences":{},"almMode":"Environment","performanceOptimizationEnabled":false,"canConsumeAppPass":false,"enableModernRuntimeMode":false,"executionRestrictions":{"isTeamsOnly":false,"dataLossPreventionEvaluationResult":{"status":"Compliant","lastEvaluationDate":"2024-12-11T14:34:25.7930376Z","violations":[],"violationsByPolicy":[],"violationErrorMessage":"The app uses the following connectors: shared_sharepointonline."}}},"isAppComponentLibrary":false,"appType":"ClassicCanvasApp","appComponents":[]}}