{"__Version":"0.1","App":"13ab9292-63cd-43a7-9638-a0aae5bb1e7e","Test_7F478737223C4B69":"81f959d7-08ff-45dc-b456-c904b436e6b9","Host":"77dc0490-ba3d-4416-881a-53439b62b64e","Screen5":"2972ad53-eeb1-469d-a8f4-c9f0940756ed","ScreenContainer4":"2abd1bf0-6aa0-4ec9-85f7-bc0eb7167de9","HeaderContainer4":"99cfb152-3766-47bb-b5e9-964e7f27befd","Header3":"46827c88-dda3-4c2d-91bb-d864db5fe7c9","MainContainer4":"aa4f8d70-8738-46c4-ae8e-2cd86e3b1963","FormContainer3":"abcfb37b-babc-4df8-a5cd-07b544e1d18b","Form4":"539ff580-d861-49f2-a1e8-f620599e11bd","Account Number_DataCard4":"0542fdd7-8f22-4945-81f9-4fd21e918e05","StarVisible21":"fba13a5c-897f-40de-adf2-d0d7e55ea114","DataCardKey21":"a90dcf8f-358a-4cc3-939b-05923541ee0c","DataCardValue21":"28568eb0-f306-4ad2-a295-c1a0ac081ee6","ErrorMessage21":"7722b8ef-584a-4760-a624-f03677c89caf","DM9 User_DataCard3":"1f9bd5c0-9221-4a5b-a9ab-e8df5d620d53","StarVisible22":"780fe136-5b23-4a34-9c23-ccb5d2a4651e","DataCardKey22":"67ba0a41-edf4-46fe-9006-07ea159f526f","DataCardValue22":"b6ea27cd-0657-41cb-8ec1-7a52e5f83b93","ErrorMessage22":"4dad330d-4656-4c51-b49e-d1f1b8cceeec","Did the QC Auditor confirm proper docs were requested?_DataCard1":"ca515faa-d79a-45cf-a4a3-8a017a614bc7","StarVisible23":"da73c646-50c8-4291-ad35-7e211ed4800b","DataCardKey23":"690024c9-2948-4c68-b3f9-41f89db694bd","DataCardValue23":"7987c724-71c7-4163-9c9c-4d1b85ac76c5","ErrorMessage23":"ffe1163d-00ec-4803-a53d-22c3d85bf98d","Were the requested documents already on file?_DataCard1":"9ae7b5f4-2a0d-4d7d-8e79-95d0db06c888","StarVisible24":"8939b1cd-4b9a-49fe-91b0-2d112cc2e40b","DataCardKey24":"1ec34712-40f8-478b-be1b-00132e3e9400","DataCardValue24":"24416717-d172-4d0d-9d0e-e9d6f4c052a6","ErrorMessage24":"89ce0de4-bd6b-446c-aeb6-27242ef62245","Did the QC Auditor properly determine if UDP was needed?_DataCard1":"cba1f237-6637-4352-afb7-427915d4076d","StarVisible25":"60c05a91-36c3-441b-a60b-fc76c3f7d71d","DataCardKey25":"348eb388-3152-42ca-b3f8-376d031db6ce","DataCardValue25":"a382896f-6880-4064-bdea-aab3e3453bd0","ErrorMessage25":"d64ce54c-eaf6-48c2-896c-c056e834596c","Was the correct UDP type opened?_DataCard1":"8c34c98a-6c86-4579-bf7b-19b1950e2344","StarVisible26":"e08195e2-4c64-4e6b-9dfe-4f7555a891cd","DataCardKey26":"725b0900-cf6e-4501-8aac-70193e28dad2","DataCardValue26":"0b492a63-dda8-4917-a837-36f06a391ae2","ErrorMessage26":"132eceac-9df1-430e-8de0-ff9810bd7542","Did the QC Auditor confirm proper I-tag was added?_DataCard1":"415a405b-9f6a-4e11-b019-f7454a1473f2","StarVisible27":"3cff2b09-ab30-4be3-9ad1-009e8bc42900","DataCardKey27":"98d8d202-4456-40e8-9893-f3915feb680c","DataCardValue27":"25eed56b-99e3-4e89-a32f-2037b6d54f1e","ErrorMessage27":"3177caa5-76e6-4c8a-91ac-0cf0857fd3ba","In case corrections were needed, did the QC auditor perform proper corrections to the UDP Case?_DataCard1":"1b47b9d7-9fa4-4d7a-b22e-97dcb6dfe26f","StarVisible28":"5d3761a1-d548-4e83-b15e-b2665f3f520f","DataCardKey28":"4ae33f69-a31a-4da2-b417-b85df7bf4dbb","DataCardValue28":"ed9a4a84-294c-4b3d-b0e3-aa01ab41058b","ErrorMessage28":"095fafd9-4b27-4a52-a2e7-e1edb60997eb","Did the notes reflect the actions that were taken by the QC Auditor?_DataCard3":"212a1885-3a07-4b2a-8ce3-6d00055bfa2b","StarVisible29":"82cfb531-52c8-453a-8f9b-32b4bb31f422","DataCardKey29":"6ff3fdb9-69b7-4bc6-b8c0-7ec98958a0ab","DataCardValue29":"a0940adc-41b3-44b3-87b2-5d92f07e667f","ErrorMessage29":"7537bc05-98a5-41df-85b8-d54b98525145","Score_DataCard1":"569ca49b-6ebd-4e31-8287-be3ee39b087f","StarVisible30":"83d2d880-3c62-4d6b-bd90-440b4449d723","DataCardKey30":"40572ac3-3514-4b8e-9fd1-59861a3de2cc","DataCardValue30":"dc26bea1-f109-4bd9-861a-e2d88c63346a","ErrorMessage30":"4a4566b0-eeb3-4799-b236-fbec2c2b7650","ButtonContainer3":"f348ab63-58a8-4cc3-9daa-e6402dac4fcc","CancelButton3":"d7b749c8-0732-4ec1-9e54-1db848fadd00","SubmitButton3":"3cef402c-6ec7-499c-bc6a-4eaf2ea07d2a","Screen2":"9a3e20be-e207-45fb-b625-fbd6e1e74e98","TabListContainer":"0035440b-f05c-4474-af51-2b3ef13b6b73","HeaderContainer1":"663eb8f1-b00f-471e-9002-0a5e0e39e29c","Container1":"41c743db-75c3-4fad-8d5a-4131c1427c37","TextCanvas1":"8605d409-314c-49dc-a2fa-cdb4c06c8d29","MainContainer1":"2b149078-ce9e-4b0d-8459-5200b983f567","TabList1":"9535903d-b302-487e-8109-76a119e1f23e","FormsContainer":"bdbc17cf-ce12-472c-8c44-06d535cd2022","VODQCCont":"85f7a7f7-ddcd-480c-a59c-15482366dae7","VODQCForm":"872406e8-55a1-4190-a082-3dc2950a8bb1","Account Number_DataCard1":"2190251d-ec0c-4ceb-b955-20dd6fb55deb","StarVisible1":"c87c25d7-441b-4fc8-aec2-a2dcc0755e6e","DataCardKey1":"4382daa4-b7a8-426a-9700-038e46a23dca","DataCardValue1":"e3ff207d-0d0d-4c32-9edb-ee686dde35fb","ErrorMessage1":"4a6c7e99-08cc-4eae-beb7-c49c6f06c8b5","DM9 User_DataCard1":"1455c99e-3477-4b79-b4d2-fab83d9889b4","StarVisible13":"23f00ddb-dd67-4a15-aba1-db9263876c32","DataCardKey13":"85702959-d036-44af-a483-f3aa7c2a2e27","DataCardValue13":"4daac1d2-3ccd-4249-8eb4-1277d70ca22c","ErrorMessage13":"b05f5b89-6f1f-479f-8a36-6f80708ffcb6","Did the rep review if address in the system was valid (If address is vacant)?_DataCard1":"6121150d-204f-41cf-b5c5-dcdc0afb982f","StarVisible2":"18628663-ff63-40aa-94a1-cd4a8ff120ee","DataCardKey2":"d8491f75-88e8-4d36-aed9-b1ef5961f2a3","DataCardValue2":"3cb667a2-7fcf-457e-a5ba-239156bb2980","ErrorMessage2":"093cabc8-d4ab-40ea-93c2-cf9762006353","Did the QC Auditor review that the balance in accout matches the documents being sent?_DataCard1":"b0204b46-6085-487f-a111-98f4ad4dc45d","StarVisible16":"f25fa100-34cb-4b3b-9881-f640cdd4c5f2","DataCardKey16":"587e773b-533e-4ab8-82dc-677c87e0f349","DataCardValue16":"d5b87b5d-6a3c-4525-acab-5617d1384582","ErrorMessage16":"15a164b0-4f5c-4a2b-af76-d72d02a3ead9","Did the QC auditor confirmed agreement is signed by all applicable parties?_DataCard1":"27fd2df4-db22-4d22-b8a9-e4303488bcb4","StarVisible3":"6f2d8f03-2e9a-465c-8b0e-7a63cec08af7","DataCardKey3":"e4af1dcc-c184-445a-8333-a5660efb6ed6","DataCardValue3":"348c0653-0385-4f41-a838-99ca9ad27116","ErrorMessage3":"3cfdb528-a254-463d-a860-af21e3986923","Did the QC auditor confirm the documentation matched the name of the party to whom documents are being sent?_DataCard1":"4c97ad3e-43f6-4463-827c-1f476e77f43d","StarVisible4":"76e3e3a2-b3e3-4a6c-a074-d6993a0b0207","DataCardKey4":"8a5d7c44-ef54-4b6c-9cfd-e079dce7e61d","DataCardValue4":"509d2264-96ce-4a34-9742-99dbd82808c3","ErrorMessage4":"0de2a6fe-0ef0-4a44-8da9-b6f9f502c711","Did rep move the invalid PDF file to the correct folder?_DataCard1":"3ccbc431-fd9f-429e-9d94-427d878630e1","StarVisible5":"a68fa53c-93d0-4710-9f83-35ebdb06d68f","DataCardKey5":"810235d1-3228-41b9-b340-970a9b3d50dc","DataCardValue5":"14a6d298-8fa3-450a-a2cb-fee737767245","ErrorMessage5":"783339c9-20f4-4a7f-9708-58e5032e26dc","Did the QC auditor classify properly the VOD file?_DataCard1":"ed4b9cfc-501a-4277-b3e6-19e6b2d48341","StarVisible6":"c803c250-198a-43ba-b106-0dc13df0bdde","DataCardKey6":"6efc8041-13fd-49ad-b659-301f0ccb1d8c","DataCardValue6":"987b73ca-943d-4018-8710-2e339a0297de","ErrorMessage6":"90bf6921-2d22-4080-9ea9-16881463391f","Was the file status updated in letter repository?_DataCard1":"37cfcce1-678c-4ac5-a847-2b450aee8ff1","StarVisible7":"afaef474-d73b-4b45-b3d5-566b1e3173fa","DataCardKey7":"13af684c-cb8f-4d7a-9bae-4ecd83351fbe","DataCardValue7":"7575254f-8186-4ae4-aeb3-ce7bbb398df9","ErrorMessage7":"dd24667c-8c7b-4ead-b2db-bc565089a85b","Did the agent secure all necessary consumers?_DataCard1":"478fc283-c9cc-4a62-a817-b07a0f295053","StarVisible15":"4d400bdb-0a20-44a8-8e07-fed13857bd78","DataCardKey15":"c03e012a-aacf-4b64-9853-37631a320121","DataCardValue15":"b3fe5c14-f838-4994-8360-1167e4b52dc6","ErrorMessage15":"66cb8462-8769-463a-b9fb-fee5c308b129","Did rep add the error to the SharePoint list?_DataCard1":"b7920abc-18c6-4365-8fcb-b17c791704a7","StarVisible8":"2b0cde39-9c47-4ddf-81f0-3c1ea985d9f0","DataCardKey8":"05f69d1a-4360-4217-adc9-392393e201fe","DataCardValue8":"e0a440d2-5343-40f9-8970-f2ccdfb148c5","ErrorMessage8":"bf9a044b-ca84-4243-91b5-10d43bfbcd1c","Are the notes clear and accurate?_DataCard1":"c9c9a38e-a089-403e-8379-6c4db8aa26dc","StarVisible9":"0734b73f-02d7-4f28-a8c3-4d6671752bbd","DataCardKey9":"0dad6bc0-ca85-429c-a3d4-5fbc927c61bc","DataCardValue9":"244fbc4a-eb9b-464e-90b7-6428aa193de1","ErrorMessage9":"d9fca9d1-107d-492e-bab6-76a3b3e3f145","Was the proper Action/Result code combination used?_DataCard1":"6a0a747d-0551-4241-b717-4eaea93f881f","StarVisible10":"88a9d4ad-ec6d-449e-99b7-54149b80d481","DataCardKey10":"f3e002c9-b9d4-43f7-9585-a52489c50e1d","DataCardValue10":"7c3fe868-0004-4e1b-a9f8-f272d6df9c0d","ErrorMessage10":"c25c4218-608c-4aa2-8e3d-78e5a98c43d6","Score_DataCard3":"b9f6b320-ae73-469a-bb6b-d87d9310e73e","StarVisible12":"df3273b8-545f-43df-a5df-9ebe9a26b4fb","DataCardKey12":"16564aaf-9890-49f2-9976-16dc4f6947e9","DataCardValue12":"c8991cfc-f87a-42ae-ad2f-97d2d58f867e","ErrorMessage12":"5f98c6ed-cdeb-4b51-9b37-d112391688d4","Feedback_DataCard1":"745f95ec-6006-404e-ab76-982ba1994a8e","StarVisible17":"818bd222-ca79-4101-bae7-4957a1def52c","DataCardKey17":"b37912d8-4306-476c-b98a-2e8c1749fe4a","DataCardValue17":"5c36e7ce-0f9b-4f71-a413-99500d253c86","ErrorMessage17":"722b6531-a31c-41fb-9a66-36988f417a7c","Attachments_DataCard1":"961938fa-64a2-4a5c-b558-117f60ae8e9d","StarVisible19":"ddb58fd1-9741-48b7-8320-2f4e29ede440","DataCardKey19":"b39d85ee-c93c-46c8-9c62-2467e4c6ee89","DataCardValue18":"baf32e7b-fae6-4346-b588-367d6dd79348","ErrorMessage19":"eb808316-65a6-4cf7-9986-bf8381fb26d8","VODQCButtons":"e6f32eb9-7968-4633-97e4-033e70f9ab9d","ResetButton1":"a9d0650f-e5be-4b52-a6a0-2bc6f560be88","SubmitButton1":"f7b9e77f-2f0c-48bc-9685-d5bdb849167a","ImageQCCont":"f8de3570-5247-4fec-83c3-f1bf04e68b9b","ImageQCForm":"1e0a8ab7-76ea-4516-aae2-d287dc01fd8e","Account Number_DataCard3_1":"97c3e6f2-f77a-44a0-ae51-e4da10cb3b67","StarVisible16_1":"d3b3cad0-1e06-499f-9ba6-091f95d5f101","DataCardKey16_1":"888523d4-4052-41ca-9398-34d05c46f122","DataCardValue16_1":"13268db0-ea33-4e2d-9476-a884145f6887","ErrorMessage16_1":"2e722d6b-b21e-4da7-a1a3-ef9fb3e2767f","DM9 User_DataCard2_1":"73d6bcb2-1a40-411d-b6c5-ccb0eb7ef2cd","StarVisible17_1":"ce46b9c3-ead5-40a5-9082-9dfd7fbb22d4","DataCardKey17_1":"e72bd4b8-70ce-4e08-8ee6-708d1be2fca0","DataCardValue17_1":"7f45c7c3-328a-4faf-a144-9ec6691eead0","ErrorMessage17_1":"9942ec1c-7989-42ad-8db7-3c3eefb132c4","Did the QC auditor confirm all required images were tagged properly?_DataCard2_1":"b66985bf-7909-450e-bd03-86fbb8c775da","StarVisible18_1":"0bb43cd6-2e8c-4d79-9131-065aab359a33","DataCardKey18_1":"679233b5-21fc-4e39-b6f4-a4b854ac0391","DataCardValue18_1":"e334eb10-1d99-4d8e-96f5-8b55baf1c691","ErrorMessage18_1":"183a9308-9caa-475f-b877-16fc00fe58c6","Did the agent add/update the correct consumer information? SSN/DOB, Email, Phone # _DataCard1":"00201649-9f68-4b04-898b-b787f8746b84","StarVisible14":"173c1563-48b6-4b05-b9ae-3e3ff32ebe54","DataCardKey14":"c13511f6-236d-4fa4-bd53-80775a077641","DataCardValue14":"2a82e1d0-009a-494e-9bbd-436c01d82f01","ErrorMessage14":"a1104a88-b587-4b84-accd-43fcb28fe8f2","Was the proper Action/Result code combination used?_DataCard3_1":"10559662-0083-4c01-9674-1827eb8d08ab","StarVisible19_1":"164c34c7-573c-4587-a078-fafb497298ac","DataCardKey19_1":"45859243-eebe-47b1-b168-ba68ff10098d","DataCardValue19_1":"14e809a0-f092-489b-8422-7719bd18c5d1","ErrorMessage19_1":"1580b528-c4c5-4cf5-9929-45f485131e27","Did the notes reflect the actions that were taken by the QC Auditor?_DataCard2_1":"0ce3bf0d-8cd5-4fa7-9230-fb37a74d0ae7","StarVisible20_1":"909e311c-526d-4828-9128-dffb5fed625d","DataCardKey20_1":"b53bf18e-4478-4d5b-96fa-dfe137863f22","DataCardValue20_1":"9e77ae32-d26e-4f28-bb10-c9ec61ce9051","ErrorMessage20_1":"0be9869d-47c3-4ce8-98d5-2bfba474765f","Score_DataCard2":"12b0ee12-6e7e-4fff-bb39-712dee746b8e","StarVisible11":"81a27dca-5be6-45e3-8f8e-c8ecc6b4e9b9","DataCardKey11":"a8b89c57-7291-433a-b2a0-c4f4296286bc","DataCardValue11":"4888f23b-0dd3-43ce-b648-a23f9233dee9","ErrorMessage11":"8f59994f-9ae3-472f-908b-e0ded9247d94","Feedback_DataCard2":"046269fa-746c-4a97-a983-81a4a1b7f920","StarVisible18":"6c8bf58d-afc2-48f0-bcd5-f4c34b5e4bf0","DataCardKey18":"98e8c11d-728e-4df8-92a2-d2b891e20e1b","DataCardValue19":"946ecdd0-92b2-409e-bc3a-7e31328c339c","ErrorMessage18":"551c2ff4-8914-43ed-a9a3-5ca625ad37c5","Attachments_DataCard2":"bce4bbed-b535-46b2-9369-621a7ce93706","StarVisible20":"cb39c491-a67b-4cd4-b224-bcc94365e598","DataCardKey20":"e15731a2-548b-4ea5-8279-61b512edb2f9","DataCardValue20":"2d4f0596-9182-40df-8e07-45d22080f107","ErrorMessage20":"23e55b74-6648-4297-bb6d-c679f2d01116","ImageQCButtons":"c6fe8e0f-278e-43cc-8104-3d2996d00810","ResetButton2_1":"fbf0e818-1b23-43ac-a8ce-17695014c1c4","SubmitButton2_1":"fb4a02dd-469f-43f2-aa38-5b164756d3f3","UDPQCCont":"9c608857-74e9-480d-8a91-ac3bd1cc7f80","UDPQCForm":"0fb31ea4-a0af-41c8-8f6c-2a2531a75d93","Account Number_DataCard4_1":"0392ea39-10a9-4604-bce7-4fd650ab5040","StarVisible21_1":"adc3fe1e-e6e7-49aa-a0a7-84c1d3e489fd","DataCardKey21_1":"4bed8ccd-b24a-4ab9-8233-24807ce13cc3","DataCardValue21_1":"6a1b76eb-9ad0-4fee-bcff-360ec2e967c2","ErrorMessage21_1":"f7617ad1-471e-4cf0-aa23-dd842b05f543","DM9 User_DataCard3_1":"d0e4d851-1a40-4419-9b99-38c242aa5015","StarVisible22_1":"3b8313e1-16e6-45f1-aef0-b3f512a5401b","DataCardKey22_1":"a0806eb4-71a5-4606-b475-56485b7d2992","DataCardValue22_1":"4bf0a2ad-3071-4931-af0a-1fccef522336","ErrorMessage22_1":"7ac02aaf-790f-4bab-8215-49447b2ac7c8","Did the QC Auditor confirm proper docs were requested?_DataCard1_1":"7859e752-0428-443c-bb37-98ed4b6d3fc8","StarVisible23_1":"8592747d-5d7a-48ba-9ed8-18592fa5d007","DataCardKey23_1":"dda2a816-e1b6-43dd-add8-a375e3a59f1b","DataCardValue23_1":"cb7ca6a1-a7de-446d-883d-810b05d25193","ErrorMessage23_1":"e7b25c28-2059-4be9-816b-e070266e435e","Were the requested documents already on file?_DataCard1_1":"e857c8f7-6a0d-4c55-8a9f-0f174cbaa8f8","StarVisible24_1":"d094e7d1-d384-41c6-8fee-f97cf02bd6b6","DataCardKey24_1":"014de88a-66e3-491f-9c94-6b61a3cc1214","DataCardValue24_1":"632834fc-8d76-4385-9ddd-88ea7dbddb5a","ErrorMessage24_1":"9e0ae7d3-bed4-4a79-bcfa-d21b40c8a075","Did the QC Auditor properly determine if UDP was needed?_DataCard1_1":"1d5e1add-e49a-4653-91d6-a32cefbdd265","StarVisible25_1":"e17c6898-3b33-4a0b-9b7e-5db06860cead","DataCardKey25_1":"94992eb1-c574-4ef1-a03d-879aa245fb3f","DataCardValue25_1":"5a7b994e-a6c1-496e-ba67-423ba5ba0629","ErrorMessage25_1":"4809437d-be39-4655-842e-cf32fce632fb","Was the correct UDP type opened?_DataCard1_1":"a23cd0cb-b761-4a43-8447-bddbe0ac6545","StarVisible26_1":"822aef85-2c2f-4961-b880-e3905611cca5","DataCardKey26_1":"899d4df8-9d4a-4de7-bb61-603b2584138f","DataCardValue26_1":"79e9b382-d87f-45a9-8184-bb9990e4d16c","ErrorMessage26_1":"1fbbc9e4-a87f-4b9e-928e-a6d414af6ad0","Did the QC Auditor confirm proper I-tag was added?_DataCard1_1":"c9660713-7b34-43d7-a809-1bdf5a2c76cd","StarVisible27_1":"aeb27e82-0ea7-4652-a10e-d0806f6ff46d","DataCardKey27_1":"a6a4fd02-9517-47a9-9794-c5118a3b8229","DataCardValue27_1":"d1de8fec-ffb7-416d-98b8-b2cd9565857a","ErrorMessage27_1":"a21eb92b-ce9a-41d4-a364-98cc4146dd38","In case corrections were needed, did the QC auditor perform proper corrections to the UDP Case?_DataCard1_1":"03ae637d-9123-4161-94cc-926f9d586869","StarVisible28_1":"735d4f44-943b-483a-be15-c852369ed798","DataCardKey28_1":"31f9ea85-28c4-40b7-958c-9cd36e08676d","DataCardValue28_1":"3521cbda-dd11-4c86-a341-bd90ccd74fc0","ErrorMessage28_1":"c2045d0e-ff6f-4289-904b-7ea018a470f1","Did the QC auditor properly evaluate the memo information?_DataCard1":"4f27e903-8320-416c-8683-a8a9cf4ecbfb","StarVisible33":"3aab15ca-c5c8-4670-a460-a8ef7e34e45e","DataCardKey33":"94b43794-05d1-4ac1-8f8f-0a9ef04c35eb","DataCardValue33":"8d13a3f1-fe81-47f1-8142-de1c3e340d78","ErrorMessage33":"1b64ea69-0d00-445e-9d2e-0e075425e02f","Did the QC auditor make the appropiate corrections?_DataCard1":"98a88494-7047-458f-819f-b5b820092a2d","StarVisible34":"ae894de8-59c9-4122-9864-397b18d5bc47","DataCardKey34":"1fd8acf8-5f09-4897-9ae2-29ddd3a6f142","DataCardValue34":"6e0edb45-3375-42b6-9f56-797643150333","ErrorMessage34":"ec8a91b1-aec9-4f6f-b28c-f0b244ebc8ba","Did the QC auditor understand the complete trajectory of the account to evaluate the UDP?_DataCard1":"ff42680b-de84-4efd-9e63-1c0a974dd99d","StarVisible35":"c8a48de5-7898-48de-b9da-ae2b658268a6","DataCardKey35":"07112dbc-e7c9-4953-b13e-f7826c1eb9e9","DataCardValue35":"d1781b2e-4e4d-4657-bab9-c20017d1be74","ErrorMessage35":"3824407a-221e-4c80-a1f7-5a525741e14b","Did the notes reflect the actions that were taken by the QC Auditor?_DataCard3_1":"4860d747-a81b-4db8-8118-622df5b22fa1","StarVisible29_1":"0316b014-9329-4dde-ab26-d0bc0307c5c7","DataCardKey29_1":"5a3f3728-8f12-4a8e-a4a7-665848665de3","DataCardValue29_1":"d80678c9-ebfd-4656-bb4d-4d7bb2cad39f","ErrorMessage29_1":"c9969d11-b446-419e-8310-dbbef519d47b","Score_DataCard1_1":"deb67f53-7751-4c3f-b008-43967081a5ef","StarVisible30_1":"f3a83ca7-41af-4ece-87f4-47ed8aca395e","DataCardKey30_1":"21a22a30-64b6-403b-a411-be833e697bd9","DataCardValue30_1":"6088cc69-6d19-4403-8333-e2c8460771cc","ErrorMessage30_1":"c849f8d2-48d5-4412-bf5d-502e3112bf25","Feedback_DataCard3":"a3ffbddc-f6b0-48f6-8f2a-f89502d24611","StarVisible31":"45c04a65-493a-4127-8534-c60d63c66c1e","DataCardKey31":"2fcea882-e969-4761-b389-6d5196e499d7","DataCardValue31":"76b45054-759f-466a-aa72-aa7b0f41992d","ErrorMessage31":"658b2cfd-b629-4215-b57f-b0ec193dfcaa","Attachments_DataCard3":"40eeb127-4fde-46c4-841d-e21203a51097","StarVisible32":"31ae58dc-acd6-45cd-a171-57e1503448ae","DataCardKey32":"03a3fb43-7a10-4555-b499-75a3c50811b5","DataCardValue32":"d35075a5-a64b-48ae-b423-c993c80245a9","ErrorMessage32":"1d116ea8-88f0-485e-bf93-bfeeac842d5a","UDPQCButtons":"13169a2a-9170-4bd2-90bf-91cc58665ffe","ResetButton3_1":"7cee2d1b-9ed6-407d-9cee-7f433081389f","SubmitButton3_1":"2a04f56e-0288-4345-9ba6-7144bbc9df63"}